"","stage","strain","treat","Tray","day","co2_hourly","mass","co2massmin"
"1","L","UZ",2,"16,23 1228",1,3.77138038725795,0.0508,1.23732952337859
"2","L","UZ",2,"16,23 1228",1,2.75597185185184,0.0347,1.32371366563489
"3","L","UZ",2,"16,23 1228",1,1.31979808748728,0.0225,0.97762821295354
"4","L","UZ",2,"16,23 1228",1,1.18147980652962,0.0193,1.02027617144181
"5","L","UZ",2,"16,23 1228",1,3.99390814696485,0.0509,1.30776298197932
"6","L","UZ",2,"16,23 1228",1,2.98510664825409,0.0395,1.2595386701494
"7","L","UZ",2,"16,23 1228",1,2.08546658864833,0.0326,1.06618946249915
"8","L","UZ",2,"16,23 1228",1,2.42049918110836,0.0401,1.00602625981229
"9","L","UZ",2,"16,23 1228",1,2.92867333081856,0.0515,0.947790721947753
"10","L","UZ",2,"16,23 1228",1,3.25253014925373,0.044,1.23201899592944
"11","L","UZ",2,"16,23 1228",1,2.84165647840532,0.0461,1.02735230600337
"12","L","UZ",2,"16,23 1228",1,1.91455585174366,0.0349,0.914305564347498
"13","L","UZ",2,"16,23 1228",1,2.5760332247557,0.0475,0.903871306931826
"14","L","UZ",2,"16,23 1228",1,1.49339935483871,0.0528,0.471401311502119
"15","L","UZ",2,"16,23 1228",1,2.32674647236539,0.0211,1.83787241103111
"16","L","UZ",2,"16,23 1228",1,2.76714063380283,0.0325,1.41904647887324
"17","L","UZ",2,"16,23 1228",1,2.12875884401115,0.043,0.825100327136104
"18","L","UZ",2,"16,23 1228",1,1.23885372413793,0.021,0.983217241379313
"19","L","UZ",2,"16,23 1228",1,3.13724452031411,0.0431,1.21316493438287
"20","L","UZ",2,"16,23 1228",1,1.95014916624559,0.0307,1.05871290241346
"21","L","UZ",2,"16,23 1228",1,1.78153990360646,0.0293,1.01339016132335
"22","L","UZ",2,"16,23 1228",1,2.38924816581676,0.0369,1.07915454643937
"23","L","UZ",2,"16,23 1228",1,3.06239158375471,0.045,1.13421910509434
"24","L","UZ",2,"16,23 1228",1,2.09883547657513,0.0358,0.977111488163469
"25","L","UZ",2,"16,23 1228",1,1.81275713599232,0.0298,1.01384627292636
"26","L","UZ",1,"12,23 1228",1,2.55088598665397,0.0431,0.986421495225821
"27","L","UZ",1,"12,23 1228",1,2.16842644836274,0.0401,0.901257875462484
"28","L","UZ",1,"12,23 1228",1,1.62785132688106,0.0302,0.898372696954228
"29","L","UZ",1,"12,23 1228",1,1.59858242677825,0.0292,0.91243289199672
"30","L","UZ",1,"12,23 1228",1,1.63560073812088,0.0359,0.759331818997623
"31","L","UZ",1,"12,23 1228",1,1.41666731796673,0.0335,0.704809610928724
"32","L","UZ",2,"16,23 1228",2,4.29676535172414,0.0706,1.014344983882
"33","L","UZ",2,"16,23 1228",2,3.89360434546442,0.0607,1.06908411462505
"34","L","UZ",2,"16,23 1228",2,2.84920834670946,0.0395,1.20219761464534
"35","L","UZ",2,"16,23 1228",2,3.24270118764845,0.0393,1.37519134336236
"36","L","UZ",2,"16,23 1228",2,5.70729326748113,0.0691,1.37657821212763
"37","L","UZ",2,"16,23 1228",2,4.25343446515188,0.0517,1.37119099456863
"38","L","UZ",2,"16,23 1228",2,5.53995219084709,0.0675,1.36788942983879
"39","L","UZ",2,"16,23 1228",2,3.01089930638602,0.0713,0.703810029543249
"40","L","UZ",2,"16,23 1228",2,4.11109286726497,0.0501,1.36762903102627
"41","L","UZ",2,"16,23 1228",2,4.66768102683778,0.0534,1.45682928428145
"42","L","UZ",2,"16,23 1228",2,3.72249286043295,0.0656,0.945755299906746
"43","L","UZ",2,"16,23 1228",2,3.38089731451977,0.0434,1.29834766302603
"44","L","UZ",2,"16,23 1228",2,5.34381584871675,0.052,1.71276148997332
"45","L","UZ",2,"16,23 1228",2,3.43277199999997,0.074,0.773146846846841
"46","L","UZ",2,"16,23 1228",2,2.69873169230767,0.0603,0.745918101798692
"47","L","UZ",2,"16,23 1228",2,4.13890598216224,0.033,2.0903565566476
"48","L","UZ",2,"16,23 1228",2,2.45727129649535,0.0636,0.643939018997735
"49","L","UZ",2,"16,23 1228",2,2.77200919931854,0.0327,1.41284872544268
"50","L","UZ",2,"16,23 1228",2,2.85442360876894,0.0395,1.20439814715989
"51","L","UZ",2,"16,23 1228",2,3.96583168440823,0.0469,1.40932184946988
"52","L","UZ",2,"16,23 1228",2,4.46948061919499,0.0545,1.36681364501376
"53","L","UZ",2,"16,23 1228",2,3.08177702509688,0.0574,0.894824920179119
"54","L","UZ",2,"16,23 1228",2,2.68306109090906,0.0294,1.52100968872396
"55","L","UZ",1,"12,23 1228",2,4.25849087269811,0.0508,1.39714267476972
"56","L","UZ",1,"12,23 1228",2,2.74952815841581,0.0641,0.714905917424806
"57","L","UZ",1,"12,23 1228",2,3.11440533542562,0.0414,1.25378636691853
"58","L","UZ",1,"12,23 1228",2,3.26208493788816,0.0471,1.15431172607507
"59","L","UZ",1,"12,23 1228",2,3.14114048442902,0.0496,1.05549075417642
"60","L","UZ",1,"12,23 1228",2,1.59728429468873,0.051,0.521988331597623
"61","L","UZ",1,"12,23 1228",1,1.76357970577138,0.036,0.81647208600527
"62","L","UZ",1,"12,23 1228",1,1.55568705089818,0.0382,0.678746531805489
"63","L","UZ",1,"12,23 1228",1,3.28363863298658,0.057,0.960128255259233
"64","L","UZ",1,"12,23 1228",1,3.16941364723188,0.0501,1.05436249076244
"65","L","UZ",1,"12,23 1228",1,2.70879205539355,0.0492,0.917612484889412
"66","L","UZ",1,"12,23 1228",1,2.54378392631385,0.0416,1.01914420124754
"67","L","UZ",1,"12,23 1228",1,2.34207813786926,0.0263,1.48420667799066
"68","L","UZ",2,"16,23 1228",4,7.27302547033294,0.1315,0.921802974693656
"69","L","UZ",2,"16,23 1228",4,4.67113655172419,0.1002,0.776968820978741
"70","L","UZ",2,"16,23 1228",4,4.54246565064484,0.0727,1.04137222619093
"71","L","UZ",2,"16,23 1228",4,4.84616872828358,0.0727,1.11099695742402
"72","L","UZ",2,"16,23 1228",4,3.56980892244342,0.1116,0.533125585789041
"73","L","UZ",2,"16,23 1228",4,5.18380800000007,0.1055,0.81892701421802
"74","L","UZ",2,"16,23 1228",4,5.84795560518097,0.1136,0.857974707332888
"75","L","UZ",2,"16,23 1228",4,6.27551507936517,0.1331,0.785814560401349
"76","L","UZ",2,"16,23 1228",4,6.26417612524471,0.1315,0.793938672401104
"77","L","UZ",2,"16,23 1228",4,3.62674142367073,0.1091,0.554039325339249
"78","L","UZ",2,"16,23 1228",4,5.87899195937378,0.1035,0.946697577998998
"79","L","UZ",2,"16,23 1228",4,3.46687964934257,0.1089,0.530590702378721
"80","L","UZ",2,"16,23 1228",4,5.29371081750627,0.0959,0.920005355840506
"81","L","UZ",2,"16,23 1228",4,5.89295336450507,0.1143,0.85928162212089
"82","L","UZ",2,"16,23 1228",4,4.2033568250151,0.1221,0.573758780373341
"83","L","UZ",2,"16,23 1228",4,5.52400023738881,0.1207,0.762772747499146
"84","L","UZ",2,"16,23 1228",4,3.57200651162797,0.0805,0.739545861620698
"85","L","UZ",2,"16,23 1228",4,3.13028499619198,0.1004,0.519635623537846
"86","L","UZ",2,"16,23 1228",4,5.46183485477187,0.1211,0.751697612822994
"87","L","UZ",2,"16,23 1228",4,4.97920186046521,0.0832,0.997436270125241
"88","L","UZ",2,"16,23 1228",4,4.22412363636371,0.0999,0.704725331392011
"89","L","UZ",2,"16,23 1228",4,3.07057491821161,0.0964,0.530873948515148
"90","L","UZ",2,"16,23 1228",4,3.41370307941659,0.0954,0.596384185782074
"91","L","UZ",2,"16,23 1228",4,6.03789611130943,0.0998,1.00833268391941
"92","L","UZ",1,"12,23 1228",4,5.15455675770935,0.0892,0.963108512277532
"93","L","UZ",1,"12,23 1228",4,4.33166299651576,0.0973,0.7419772176286
"94","L","UZ",1,"12,23 1228",4,5.44578127263332,0.091,0.997395837478629
"95","L","UZ",1,"12,23 1228",4,3.16762386228061,0.0813,0.649369385461381
"96","L","UZ",1,"12,23 1228",4,5.0913302278482,0.0969,0.875701793575542
"97","L","UZ",1,"12,23 1228",4,5.04110903322769,0.0883,0.951511708800998
"98","L","UZ",1,"12,23 1228",3,2.80181090188311,0.0737,0.633607169127796
"99","L","UZ",1,"12,23 1228",3,4.84942997543008,0.08,1.01029791154793
"100","L","UZ",1,"12,23 1228",3,4.89531586608453,0.0852,0.95761264986004
"101","L","UZ",1,"12,23 1228",3,5.32296276612786,0.1029,0.862157882430816
"102","L","UZ",1,"12,23 1228",3,4.85715792470748,0.096,0.843256584150604
"103","L","UZ",1,"12,23 1228",3,3.18199224030044,0.0925,0.573331935189269
"104","L","UZ",1,"12,23 1228",3,4.2876934342655,0.0948,0.753813894913063
"105","L","UZ",1,"12,23 1228",3,3.2017974590541,0.0549,0.972008943246539
"106","L","UZ",1,"12,23 1228",1,2.59054571342023,0.0442,0.976827192089077
"107","L","UZ",1,"12,23 1228",1,4.69689160030063,0.0698,1.12151184343377
"108","L","UZ",1,"12,23 1228",1,3.75218347205716,0.0766,0.816401973902776
"109","L","UZ",1,"12,23 1228",1,3.27116341140087,0.0605,0.901146945289495
"110","L","UZ",1,"12,23 1228",1,2.9268878305333,0.0563,0.866455840892037
"111","L","UZ",1,"12,23 1228",1,3.78908524257793,0.0678,0.931436883622893
"112","L","UZ",1,"12,23 1228",1,2.78409457364347,0.069,0.672486611991177
"113","L","UZ",1,"12,23 1228",1,1.97050046988471,0.0397,0.82724620901961
"114","L","UZ",1,"12,23 1228",1,3.17084815599838,0.061,0.866351955190813
"115","L","UZ",1,"12,23 1228",1,2.5441499160605,0.0629,0.674125573942898
"116","L","UZ",1,"12,23 1228",1,2.40483099139134,0.0616,0.650657735766055
"117","L","UZ",2,"16,23 1228",5,4.42173057367833,0.1485,0.496266057651889
"118","L","UZ",2,"16,23 1228",5,4.18122495559506,0.1178,0.591571159535238
"119","L","UZ",2,"16,23 1228",5,5.76294207985965,0.0931,1.03167598994981
"120","L","UZ",2,"16,23 1228",5,4.52246840052021,0.0921,0.818398190466922
"121","L","UZ",2,"16,23 1228",5,3.29424010163036,0.0988,0.555708519168414
"122","L","UZ",2,"16,23 1228",5,3.18750597609566,0.1067,0.497892217446994
"123","L","UZ",2,"16,23 1228",5,3.32070579439256,0.1203,0.460058990633494
"124","L","UZ",2,"16,23 1228",5,5.18217742134492,0.1437,0.601041222610174
"125","L","UZ",2,"16,23 1228",5,5.33361114047577,0.1402,0.634047924450282
"126","L","UZ",2,"16,23 1228",5,2.91281093247593,0.1023,0.474553752439871
"127","L","UZ",2,"16,23 1228",5,5.76889108280262,0.1232,0.780423577218969
"128","L","UZ",2,"16,23 1228",5,3.8043479457441,0.0954,0.664631017775
"129","L","UZ",2,"16,23 1228",5,4.11414843205581,0.1064,0.644446809532552
"130","L","UZ",2,"16,23 1228",5,5.43999372848956,0.1372,0.660835001031288
"131","L","UZ",2,"16,23 1228",5,3.92135490895444,0.138,0.473593588037976
"132","L","UZ",2,"16,23 1228",5,4.06869359021867,0.1392,0.487152010323116
"133","L","UZ",2,"16,23 1228",5,3.25166637362643,0.0912,0.594237275882022
"134","L","UZ",2,"16,23 1228",5,2.62637732705546,0.0942,0.464681055742296
"135","L","UZ",2,"16,23 1228",5,5.12296293103456,0.1347,0.63387316642348
"136","L","UZ",2,"16,23 1228",5,2.9590983484284,0.0917,0.537822309783423
"137","L","UZ",2,"16,23 1228",5,4.07107511885903,0.119,0.570178588075494
"138","L","UZ",2,"16,23 1228",5,2.64611357852541,0.096,0.459394718493995
"139","L","UZ",2,"16,23 1228",5,2.48040560069148,0.0934,0.44261341910983
"140","L","UZ",2,"16,23 1228",5,5.52405038560421,0.1201,0.766590394893729
"141","L","UZ",1,"12,23 1228",5,4.64129619482504,0.0929,0.832668854471662
"142","L","UZ",1,"12,23 1228",5,3.48888518332503,0.0901,0.64537276791066
"143","L","UZ",1,"12,23 1228",5,5.47355770954367,0.0982,0.928981281321058
"144","L","UZ",1,"12,23 1228",5,3.55596704955701,0.0871,0.680437629077116
"145","L","UZ",1,"12,23 1228",5,5.13273298735008,0.1038,0.824138244596994
"146","L","UZ",1,"12,23 1228",5,4.87252113625431,0.0827,0.981967177802158
"147","L","UZ",1,"12,23 1228",4,4.10882496030494,0.0662,1.03444737167798
"148","L","UZ",1,"12,23 1228",4,2.58595102809611,0.0824,0.523048347106818
"149","L","UZ",1,"12,23 1228",4,5.38490885368137,0.0925,0.970253847510157
"150","L","UZ",1,"12,23 1228",4,4.96160860347222,0.1093,0.756573437552945
"151","L","UZ",1,"12,23 1228",4,3.5825811217511,0.0974,0.613035784009428
"152","L","UZ",1,"12,23 1228",4,3.41088318024401,0.0961,0.591551019813391
"153","L","UZ",1,"12,23 1228",4,3.14489982089559,0.0977,0.536489222261274
"154","L","UZ",1,"12,23 1228",4,1.95546850288764,0.0448,0.727480841848082
"155","L","UZ",1,"12,23 1228",2,2.88875975359349,0.0592,0.813276957655824
"156","L","UZ",1,"12,23 1228",2,4.10285537924015,0.0822,0.831884707875131
"157","L","UZ",1,"12,23 1228",2,4.04789123711349,0.0937,0.720009113680805
"158","L","UZ",1,"12,23 1228",2,2.54081896918932,0.0582,0.727611388656735
"159","L","UZ",1,"12,23 1228",2,3.20135810544128,0.0794,0.671989526750899
"160","L","UZ",1,"12,23 1228",2,4.40503741610747,0.0819,0.896426010603882
"161","L","UZ",1,"12,23 1228",2,3.70117012609125,0.0781,0.789835707659252
"162","L","UZ",1,"12,23 1228",2,3.59390651277832,0.0431,1.38975503201018
"163","L","UZ",1,"12,23 1228",2,3.9004183081325,0.0779,0.834492577692019
"164","L","UZ",1,"12,23 1228",2,3.76375478119944,0.0755,0.830850945077138
"165","L","UZ",1,"12,23 1228",2,2.76021226566691,0.076,0.605309707383094
"166","L","UZ",2,"16,23 1228",6,3.7370121722396,0.1381,0.451003158609654
"167","L","UZ",2,"16,23 1228",6,3.34501724056044,0.1274,0.437600371606547
"168","L","UZ",2,"16,23 1228",6,3.63054128138935,0.0968,0.6250931958315
"169","L","UZ",2,"16,23 1228",6,2.83383122831367,0.0861,0.548554244737452
"170","L","UZ",2,"16,23 1228",6,2.53618680714614,0.091,0.464503078231893
"171","L","UZ",2,"16,23 1228",6,2.48965388272584,0.0946,0.438628238676152
"172","L","UZ",2,"16,23 1228",6,3.23630481738742,0.1068,0.505041326059211
"173","L","UZ",2,"16,23 1228",6,3.19330858283434,0.1321,0.402890308205191
"174","L","UZ",2,"16,23 1228",6,3.50619929762952,0.1206,0.484549377781857
"175","L","UZ",2,"16,23 1228",6,2.68174213153898,0.0935,0.478028900452581
"176","L","UZ",2,"16,23 1228",6,3.89476208897488,0.1198,0.541842249440022
"177","L","UZ",2,"16,23 1228",6,2.31783137836123,0.0926,0.417176274003101
"178","L","UZ",2,"16,23 1228",6,2.9473011957206,0.0932,0.527056723126001
"179","L","UZ",2,"16,23 1228",6,3.53900714582471,0.1196,0.493172679184045
"180","L","UZ",2,"16,23 1228",6,3.21462983970409,0.1172,0.457143037500582
"181","L","UZ",2,"16,23 1228",6,3.52599015259413,0.1272,0.462000806157512
"182","L","UZ",2,"16,23 1228",6,2.60916633105117,0.0945,0.46017042875682
"183","L","UZ",2,"16,23 1228",6,2.86519776536316,0.0873,0.547002246155623
"184","L","UZ",2,"16,23 1228",6,2.7850453754941,0.1207,0.384568541217081
"185","L","UZ",2,"16,23 1228",6,2.6181745155608,0.0914,0.477420590000146
"186","L","UZ",2,"16,23 1228",6,3.19573571290013,0.1258,0.423388409234251
"187","L","UZ",2,"16,23 1228",6,2.16165579250723,0.0862,0.417953556169225
"188","L","UZ",2,"16,23 1228",6,2.63997830637491,0.0838,0.525055351307659
"189","L","UZ",2,"16,23 1228",6,5.08420878747884,0.12,0.706140109372061
"190","L","UZ",1,"12,23 1228",6,4.86754366606176,0.1002,0.809638001673613
"191","L","UZ",1,"12,23 1228",6,5.69267152865105,0.1129,0.84037076006068
"192","L","UZ",1,"12,23 1228",6,5.43985559105438,0.1053,0.861009115393223
"193","L","UZ",1,"12,23 1228",6,4.93051152025257,0.1027,0.80014792603904
"194","L","UZ",1,"12,23 1228",6,5.65934672216449,0.1221,0.772501600077053
"195","L","UZ",1,"12,23 1228",6,5.16269964034944,0.1049,0.82025733084675
"196","L","UZ",1,"12,23 1228",5,4.52989864590392,0.095,0.794719060684898
"197","L","UZ",1,"12,23 1228",5,3.91601225514822,0.1018,0.641128398026886
"198","L","UZ",1,"12,23 1228",5,4.91671432360749,0.1109,0.738911079592349
"199","L","UZ",1,"12,23 1228",5,4.23193555992147,0.1255,0.562010034518124
"200","L","UZ",1,"12,23 1228",5,5.58504315124016,0.1146,0.812251767196067
"201","L","UZ",1,"12,23 1228",5,4.6712912145944,0.1156,0.673484892530911
"202","L","UZ",1,"12,23 1228",5,4.93223247863255,0.1057,0.777709315457672
"203","L","UZ",1,"12,23 1228",5,4.77732561414496,0.0758,1.05042339800901
"204","L","UZ",1,"12,23 1228",3,4.77765800959611,0.0682,1.1675606084057
"205","L","UZ",1,"12,23 1228",3,4.84529531680448,0.0964,0.837706659198562
"206","L","UZ",1,"12,23 1228",3,4.60179473684218,0.1109,0.691583218641746
"207","L","UZ",1,"12,23 1228",3,4.10050127188395,0.0862,0.792827005391328
"208","L","UZ",1,"12,23 1228",3,4.36298676143943,0.0911,0.798204676443364
"209","L","UZ",1,"12,23 1228",3,3.64366972584671,0.0973,0.624129792025815
"210","L","UZ",1,"12,23 1228",3,4.52701557093433,0.0933,0.80868445354311
"211","L","UZ",1,"12,23 1228",3,4.26835511136501,0.0652,1.09109281987858
"212","L","UZ",1,"12,23 1228",3,4.23160814249371,0.0898,0.785376418428677
"213","L","UZ",1,"12,23 1228",3,4.16548929021427,0.0823,0.843557976957122
"214","L","UZ",1,"12,23 1228",3,3.09593608876566,0.0883,0.584359397653012
"215","L","UZ",2,"16,23 1228",7,2.96612184368735,0.1244,0.397390386346108
"216","L","UZ",2,"16,23 1228",7,2.75466613861383,0.1228,0.373868911321096
"217","L","UZ",2,"16,23 1228",7,1.99992319093285,0.0869,0.383567930750451
"218","L","UZ",2,"16,23 1228",7,2.26235930006479,0.077,0.489688160187183
"219","L","UZ",2,"16,23 1228",7,1.69092708600768,0.081,0.347927383952198
"220","L","UZ",2,"16,23 1228",7,2.33246273844847,0.0873,0.445296437275385
"221","L","UZ",2,"16,23 1228",7,2.75658006295905,0.0977,0.470245660689022
"222","L","UZ",2,"16,23 1228",7,2.64499083557949,0.1251,0.352383537913601
"223","L","UZ",2,"16,23 1228",7,2.59143348379152,0.1093,0.395156066451894
"224","L","UZ",2,"16,23 1228",7,2.26525136123524,0.0873,0.432464941052929
"225","L","UZ",2,"16,23 1228",7,3.11911689460978,0.108,0.48134519978546
"226","L","UZ",2,"16,23 1228",7,2.42758218527313,0.0862,0.469370105427906
"227","L","UZ",2,"16,23 1228",7,2.44730752941174,0.0857,0.475944677054013
"228","L","UZ",2,"16,23 1228",7,2.88818512332488,0.1101,0.437206346249603
"229","L","UZ",2,"16,23 1228",7,3.41646583253124,0.103,0.552826186493728
"230","L","UZ",2,"16,23 1228",7,2.97981743276746,0.1163,0.427030299909352
"231","L","UZ",2,"16,23 1228",7,2.93266530612241,0.0801,0.610209177303872
"232","L","UZ",2,"16,23 1228",7,2.35955845030878,0.0815,0.482527290451694
"233","L","UZ",2,"16,23 1228",7,2.78692068325284,0.1095,0.424188840677753
"234","L","UZ",2,"16,23 1228",7,2.39971671263096,0.0805,0.496835758308688
"235","L","UZ",2,"16,23 1228",7,3.25843005653834,0.1207,0.44993510860789
"236","L","UZ",2,"16,23 1228",7,2.3846613410446,0.0782,0.508239842507375
"237","L","UZ",2,"16,23 1228",7,2.35506076357766,0.0752,0.521954956466681
"238","L","UZ",2,"16,23 1228",7,3.46916372043387,0.1152,0.501904473442401
"239","L","UZ",1,"12,23 1228",7,4.4128868523087,0.1063,0.691891949248777
"240","L","UZ",1,"12,23 1228",7,5.36864884856934,0.1178,0.759571144392946
"241","L","UZ",1,"12,23 1228",7,3.79911844057265,0.108,0.586283709964915
"242","L","UZ",1,"12,23 1228",7,3.32059764705877,0.1337,0.41393638083505
"243","L","UZ",1,"12,23 1228",7,5.252136570663,0.1137,0.769882229648638
"244","L","UZ",1,"12,23 1228",7,4.02698454410054,0.1134,0.591855459156459
"245","L","UZ",1,"12,23 1228",6,4.74242437745732,0.1003,0.788039943080313
"246","L","UZ",1,"12,23 1228",6,3.34741719281199,0.1135,0.491544374862259
"247","L","UZ",1,"12,23 1228",6,5.01111230769223,0.1283,0.650962887463266
"248","L","UZ",1,"12,23 1228",6,4.72783460076037,0.1365,0.577269182022024
"249","L","UZ",1,"12,23 1228",6,4.8307127819548,0.1269,0.63445137666861
"250","L","UZ",1,"12,23 1228",6,3.56868635097487,0.121,0.491554593798191
"251","L","UZ",1,"12,23 1228",6,2.91612689655167,0.1184,0.410490835663242
"252","L","UZ",1,"12,23 1228",6,4.21138423211294,0.0919,0.763762102305575
"253","L","UZ",1,"12,23 1228",4,4.58392349531868,0.1094,0.698343006599434
"254","L","UZ",1,"12,23 1228",4,4.18524580332199,0.1175,0.593651886996026
"255","L","UZ",1,"12,23 1228",4,4.22713162641831,0.0973,0.724071878454661
"256","L","UZ",1,"12,23 1228",4,2.68987325079177,0.0935,0.479478297823845
"257","L","UZ",1,"12,23 1228",4,4.22289840546689,0.1118,0.629531664500133
"258","L","UZ",1,"12,23 1228",4,3.56029095519858,0.0996,0.595764885408062
"259","L","UZ",1,"12,23 1228",4,3.42314767555487,0.0766,0.74481019920689
"260","L","UZ",1,"12,23 1228",4,3.42332170071777,0.0938,0.60826611597686
"261","L","UZ",1,"12,23 1228",4,2.36449664796821,0.0796,0.49507886263991
"262","L","UZ",1,"12,23 1228",4,3.07912115123535,0.1029,0.498723866413241
"263","L","UZ",2,"16,23 1228",10,0.243356850935685,0.0558,0.0726872314622715
"264","L","UZ",1,"12,23 1228",10,2.81497423935091,0.0966,0.485675334601607
"265","L","UZ",1,"12,23 1228",10,2.73679215686274,0.1119,0.407624688242887
"266","L","UZ",1,"12,23 1228",10,2.56145445478723,0.1067,0.400102226614688
"267","L","UZ",1,"12,23 1228",10,1.10770563798219,0.1011,0.182608908338641
"268","L","UZ",1,"12,23 1228",10,3.58213023408086,0.126,0.473826750539796
"269","L","UZ",1,"12,23 1228",10,1.45531212465508,0.1045,0.232107196914687
"270","L","UZ",1,"12,23 1228",9,1.67453599742184,0.1016,0.274694225298859
"271","L","UZ",1,"12,23 1228",9,1.84050244760838,0.1099,0.279117750623048
"272","L","UZ",1,"12,23 1228",9,3.33285905536439,0.1467,0.378647927217041
"273","L","UZ",1,"12,23 1228",9,2.90092793296088,0.1339,0.361081395688435
"274","L","UZ",1,"12,23 1228",9,2.11634729875326,0.1315,0.26823159680016
"275","L","UZ",1,"12,23 1228",9,1.49142503438789,0.1108,0.22434191251322
"276","L","UZ",1,"12,23 1228",9,1.88611012562433,0.131,0.239963120308439
"277","L","UZ",1,"12,23 1228",9,4.35709282814612,0.1186,0.61229522599018
"278","L","UZ",1,"12,23 1228",7,3.16066219839141,0.0891,0.591220014663563
"279","L","UZ",1,"12,23 1228",7,3.12515356668142,0.1262,0.412724982393214
"280","L","UZ",1,"12,23 1228",7,3.48456663740121,0.1202,0.48316231799795
"281","L","UZ",1,"12,23 1228",7,0.878732773109238,0.107,0.13687426372418
"282","L","UZ",1,"12,23 1228",7,3.31761820523828,0.104,0.531669584172802
"283","L","UZ",1,"12,23 1228",7,2.45155812171938,0.1132,0.360947897779649
"284","L","UZ",1,"12,23 1228",7,1.50799149655074,0.1074,0.234014819452319
"285","L","UZ",1,"12,23 1228",7,3.54647030878857,0.0893,0.661901886671999
"286","L","UZ",1,"12,23 1228",7,3.28831214927434,0.1155,0.474503917644205
"287","L","UZ",1,"12,23 1228",7,1.35261142700928,0.0668,0.33747790095042
"288","L","UZ",1,"12,23 1228",7,2.00912212581343,0.1235,0.271136589178601
"289","L","UZ",1,"12,23 1228",11,2.1960773649835,0.0918,0.398706856387709
"290","L","UZ",1,"12,23 1228",11,1.1429379917546,0.1053,0.18090186637458
"291","L","UZ",1,"12,23 1228",11,1.72624846587352,0.0994,0.28944474612232
"292","L","UZ",1,"12,23 1228",11,0.898978519955657,0.0971,0.154304586329498
"293","L","UZ",1,"12,23 1228",11,1.35538222252919,0.1196,0.188877121311202
"294","L","UZ",1,"12,23 1228",11,0.965577675314849,0.0997,0.161413854114819
"295","L","UZ",1,"12,23 1228",10,1.19284501642936,0.1042,0.190794148501177
"296","L","UZ",1,"12,23 1228",10,1.7746170157604,0.1242,0.23813969615679
"297","L","UZ",1,"12,23 1228",10,2.24281124083629,0.1358,0.275259111541027
"298","L","UZ",1,"12,23 1228",10,1.14461446808511,0.1237,0.154219141482769
"299","L","UZ",1,"12,23 1228",10,1.82443805166847,0.1255,0.242289249889571
"300","L","UZ",1,"12,23 1228",10,1.11135171859297,0.1033,0.17930811852097
"301","L","UZ",1,"12,23 1228",10,1.21229098678062,0.1191,0.169646093867985
"302","L","UZ",1,"12,23 1228",10,2.18313351520395,0.1209,0.300955819575951
"303","L","UZ",1,"12,23 1228",8,1.43008022763368,0.0805,0.296082862864115
"304","L","UZ",1,"12,23 1228",8,2.10844374711584,0.1219,0.288275054295302
"305","L","UZ",1,"12,23 1228",8,2.11236075501378,0.1391,0.2530985807589
"306","L","UZ",1,"12,23 1228",8,1.80953800391391,0.1117,0.269999702165608
"307","L","UZ",1,"12,23 1228",8,2.07602852689011,0.1203,0.287618249776962
"308","L","UZ",1,"12,23 1228",8,1.47649351085833,0.1098,0.224118626420512
"309","L","UZ",1,"12,23 1228",8,1.05419405252318,0.1001,0.175523485268595
"310","L","UZ",1,"12,23 1228",8,1.88159137908917,0.0977,0.320981129152025
"311","L","UZ",1,"12,23 1228",8,2.37573554774834,0.1437,0.275543440935785
"312","L","UZ",1,"12,23 1228",8,2.0177567945136,0.1142,0.294477056992645
"313","L","UZ",1,"12,23 1228",8,1.64784268385141,0.1215,0.226041520418575
"314","L","UZ",1,"12,23 1228",13,2.64354921013413,0.086,0.512315738398087
"315","L","UZ",1,"12,23 1228",13,2.80104656804734,0.1027,0.454567765019042
"316","L","UZ",1,"12,23 1228",13,1.69972818328682,0.0941,0.301049979328166
"317","L","UZ",1,"12,23 1228",13,0.630085489510489,0.0915,0.11476967022049
"318","L","UZ",1,"12,23 1228",13,0.927797072039424,0.1107,0.139686400487718
"319","L","UZ",1,"12,23 1228",13,2.56050713564941,0.0942,0.453026740206903
"320","L","UZ",1,"12,23 1228",12,0.877013997423785,0.092,0.158879347359381
"321","L","UZ",1,"12,23 1228",12,1.89632485055508,0.117,0.270131745093316
"322","L","UZ",1,"12,23 1228",12,1.5444030504166,0.127,0.20267756567147
"323","L","UZ",1,"12,23 1228",12,0.976078484210523,0.1161,0.140120368103721
"324","L","UZ",1,"12,23 1228",12,2.12555807397068,0.1197,0.295956289887313
"325","L","UZ",1,"12,23 1228",12,2.47240715176714,0.0985,0.418343003683104
"326","L","UZ",1,"12,23 1228",12,0.743532057811422,0.1125,0.110152897453544
"327","L","UZ",1,"12,23 1228",12,2.67830899152773,0.1193,0.374170018374928
"328","L","UZ",1,"12,23 1228",10,0.962268475311988,0.072,0.222747332248145
"329","L","UZ",1,"12,23 1228",10,1.49469999999999,0.1139,0.218715247292946
"330","L","UZ",1,"12,23 1228",10,2.21022636655948,0.1313,0.280556786818923
"331","L","UZ",1,"12,23 1228",10,2.3276377538829,0.1342,0.289075727009799
"332","L","UZ",1,"12,23 1228",10,1.2347221826809,0.1204,0.170919460504
"333","L","UZ",1,"12,23 1228",10,1.63804477025788,0.1026,0.266089143966517
"334","L","UZ",1,"12,23 1228",10,2.42938557020945,0.0938,0.431660549077728
"335","L","UZ",1,"12,23 1228",10,3.00960924261872,0.1336,0.375450254817705
"336","L","UZ",1,"12,23 1228",10,2.32182167324588,0.1263,0.306389769496685
"337","L","UZ",1,"12,23 1228",10,0.748311201011373,0.1132,0.110175382952205
"338","L","UZ",1,"12,23 1228",14,2.12931852543163,0.0828,0.428606788532936
"339","L","UZ",1,"12,23 1228",14,1.93617691237829,0.099,0.325955709154595
"340","L","UZ",1,"12,23 1228",14,0.928317383292378,0.0909,0.170208541124382
"341","L","UZ",1,"12,23 1228",14,0.640772540045763,0.0902,0.118398473770466
"342","L","UZ",1,"12,23 1228",14,0.906402188782484,0.1073,0.140789404905636
"343","L","UZ",1,"12,23 1228",14,1.4109819005892,0.0907,0.259276350714664
"344","L","UZ",1,"12,23 1228",13,2.89599182937817,0.0893,0.540498661698053
"345","L","UZ",1,"12,23 1228",13,1.01891704697986,0.1126,0.150816614413833
"346","L","UZ",1,"12,23 1228",13,3.2076361328413,0.1239,0.431481858063129
"347","L","UZ",1,"12,23 1228",13,2.26492874505782,0.1139,0.331420653359354
"348","L","UZ",1,"12,23 1228",13,1.29591247634298,0.1148,0.18814060341797
"349","L","UZ",1,"12,23 1228",13,1.1050652406417,0.0967,0.190462812933765
"350","L","UZ",1,"12,23 1228",13,0.958217495711827,0.1093,0.146114287238766
"351","L","UZ",1,"12,23 1228",13,2.36377964752698,0.1124,0.350501133974938
"352","L","UZ",1,"12,23 1228",11,1.08672451875789,0.0684,0.264796422699292
"353","L","UZ",1,"12,23 1228",11,2.2919473228016,0.111,0.344136234654895
"354","L","UZ",1,"12,23 1228",11,3.11844914618906,0.122,0.426017642922003
"355","L","UZ",1,"12,23 1228",11,1.60313697236352,0.1275,0.209560388544251
"356","L","UZ",1,"12,23 1228",11,1.29710697420498,0.1118,0.193367169678739
"357","L","UZ",1,"12,23 1228",11,0.966217841648581,0.0989,0.162827408434206
"358","L","UZ",1,"12,23 1228",11,2.51856466145128,0.0907,0.462801297583845
"359","L","UZ",1,"12,23 1228",11,1.64146161162482,0.0877,0.311946334402284
"360","L","UZ",1,"12,23 1228",11,2.68388206543158,0.1252,0.357279295185248
"361","L","UZ",1,"12,23 1228",11,2.76717902426295,0.1133,0.407057814690048
"362","L","UZ",1,"12,23 1228",11,1.04032911917097,0.1084,0.159952201594553
"363","L","UZ",1,"12,23 1228",16,2.08539715376605,0.0828,0.419765932722635
"364","L","UZ",1,"12,23 1228",16,1.02349848380427,0.1012,0.168560356357752
"365","L","UZ",1,"12,23 1228",16,2.9027833760903,0.0903,0.535766588425674
"366","L","UZ",1,"12,23 1228",16,1.02861701694915,0.0898,0.190908874712166
"367","L","UZ",1,"12,23 1228",16,0.740600472016182,0.1072,0.115143108211471
"368","L","UZ",1,"12,23 1228",16,2.34406513807531,0.0882,0.442945037429197
"369","L","UZ",1,"12,23 1228",15,2.11552378752886,0.0857,0.411420417644664
"370","L","UZ",1,"12,23 1228",15,0.953643639921719,0.1136,0.13991250585706
"371","L","UZ",1,"12,23 1228",15,2.30468382495948,0.1172,0.327742295927116
"372","L","UZ",1,"12,23 1228",15,0.805625096525094,0.1141,0.117678220351314
"373","L","UZ",1,"12,23 1228",15,1.12476234015345,0.1132,0.165601051259342
"374","L","UZ",1,"12,23 1228",15,1.09107643979057,0.1104,0.164715646103649
"375","L","UZ",1,"12,23 1228",15,1.23698271293375,0.1109,0.18590061811448
"376","L","UZ",1,"12,23 1228",15,2.5574352683461,0.112,0.380570724456265
"377","L","UZ",1,"12,23 1228",13,2.55201890886546,0.069,0.616429688131753
"378","L","UZ",1,"12,23 1228",13,1.69344853054315,0.111,0.254271551132605
"379","L","UZ",1,"12,23 1228",13,2.09700715158923,0.1379,0.253445389362972
"380","L","UZ",1,"12,23 1228",13,1.22513353566008,0.1232,0.165737761858778
"381","L","UZ",1,"12,23 1228",13,0.991594991703116,0.1056,0.156501734801628
"382","L","UZ",1,"12,23 1228",13,1.33333609360935,0.0958,0.231965221574348
"383","L","UZ",1,"12,23 1228",13,1.34691275167784,0.0889,0.252514576617519
"384","L","UZ",1,"12,23 1228",13,2.31152872813518,0.0864,0.445896745396446
"385","L","UZ",1,"12,23 1228",13,1.29064472871636,0.1178,0.18260395143129
"386","L","UZ",1,"12,23 1228",13,3.24353370359542,0.1073,0.503810764770956
"387","L","UZ",1,"12,23 1228",13,0.842522768828901,0.1061,0.132347277541455
"388","L","UZ",1,"12,23 1228",18,2.08358837489249,0.0786,0.441812632504769
"389","L","UZ",1,"12,23 1228",18,1.58883115056102,0.097,0.272995043051722
"390","L","UZ",1,"12,23 1228",18,2.03281277870213,0.0872,0.38853455250423
"391","L","UZ",1,"12,23 1228",18,0.751444000660163,0.0876,0.14296879769029
"392","L","UZ",1,"12,23 1228",18,1.35920458565343,0.1028,0.220363908179869
"393","L","UZ",1,"12,23 1228",18,1.83469352002602,0.0853,0.35847860883666
"394","L","UZ",1,"12,23 1228",17,0.967407699773521,0.0839,0.192174751643528
"395","L","UZ",1,"12,23 1228",17,1.7839649471323,0.1154,0.257649472433897
"396","L","UZ",1,"12,23 1228",17,1.03912733037411,0.11,0.157443534905168
"397","L","UZ",1,"12,23 1228",17,1.94435937940759,0.1132,0.286271993434568
"398","L","UZ",1,"12,23 1228",17,1.09250818040434,0.0966,0.188493474879975
"399","L","UZ",1,"12,23 1228",17,0.907641258094342,0.107,0.141377143005349
"400","L","UZ",1,"12,23 1228",17,1.04320593907851,0.1079,0.16113777248664
"401","L","UZ",1,"12,23 1228",15,2.15750630136983,0.065,0.553206743940981
"402","L","UZ",1,"12,23 1228",15,1.57227989130432,0.1086,0.241295256492376
"403","L","UZ",1,"12,23 1228",15,1.52089640287767,0.1237,0.204917327253796
"404","L","UZ",1,"12,23 1228",15,1.83143037861912,0.1177,0.259335935799932
"405","L","UZ",1,"12,23 1228",15,0.824445650250649,0.1006,0.136588079895734
"406","L","UZ",1,"12,23 1228",15,2.05822086752634,0.093,0.368856786295043
"407","L","UZ",1,"12,23 1228",15,1.21589620142626,0.0845,0.239821735981511
"408","L","UZ",1,"12,23 1228",15,2.25536913989335,0.0813,0.462355297231108
"409","L","UZ",1,"12,23 1228",15,2.18855941739251,0.1124,0.324519486564725
"410","L","UZ",1,"12,23 1228",15,2.08471892274978,0.1034,0.336028195156316
"411","L","UZ",1,"12,23 1228",15,1.09505578843717,0.1016,0.179635135898486
"412","L","UZ",1,"12,23 1228",19,1.39661558858978,0.0764,0.304671812519586
"413","L","UZ",1,"12,23 1228",19,1.61366250747457,0.095,0.283098685521854
"414","L","UZ",1,"12,23 1228",19,1.40642750988141,0.0853,0.274800216858422
"415","L","UZ",1,"12,23 1228",19,0.672482964705875,0.0865,0.129572825569533
"416","L","UZ",1,"12,23 1228",19,1.11959229871644,0.0966,0.193166373139482
"417","L","UZ",1,"12,23 1228",19,0.913366460587314,0.0832,0.182966037777908
"418","L","UZ",1,"12,23 1228",18,0.996916279961636,0.0805,0.206400886120422
"419","L","UZ",1,"12,23 1228",18,3.43605505425467,0.1054,0.543335713829012
"420","L","UZ",1,"12,23 1228",18,1.47691510465772,0.1149,0.214231955999089
"421","L","UZ",1,"12,23 1228",18,0.698347445255466,0.1078,0.107969611202144
"422","L","UZ",1,"12,23 1228",18,1.29742352065499,0.1099,0.196758192395358
"423","L","UZ",1,"12,23 1228",18,2.67611995573585,0.0945,0.471978828172108
"424","L","UZ",1,"12,23 1228",18,0.737267919022422,0.1041,0.118038411627029
"425","L","UZ",1,"12,23 1228",18,1.82258022057491,0.1042,0.291519549036295
"426","L","UZ",1,"12,23 1228",16,0.800503693079945,0.0632,0.211103294588593
"427","L","UZ",1,"12,23 1228",16,1.05647651125685,0.1049,0.167854545798674
"428","L","UZ",1,"12,23 1228",16,1.16111683377307,0.12,0.161266226912926
"429","L","UZ",1,"12,23 1228",16,1.16371615827085,0.1154,0.16806992464917
"430","L","UZ",1,"12,23 1228",16,0.667814953271017,0.0988,0.112654344343964
"431","L","UZ",1,"12,23 1228",16,1.20429662150573,0.0831,0.241535624048481
"432","L","UZ",1,"12,23 1228",16,1.36230823248677,0.0908,0.250056577181859
"433","L","UZ",1,"12,23 1228",16,0.879064409075501,0.0794,0.184522336077981
"434","L","UZ",1,"12,23 1228",16,1.27890075719332,0.1096,0.194480042152268
"435","L","UZ",1,"12,23 1228",16,2.28736391907704,0.1005,0.379330666513605
"436","L","UZ",1,"12,23 1228",16,0.97055426485229,0.0977,0.165567087146416
"437","L","UZ",1,"12,23 1228",20,1.32215164718385,0.0741,0.297380037603204
"438","L","UZ",1,"12,23 1228",20,2.15402778947368,0.0933,0.384785242849889
"439","L","UZ",1,"12,23 1228",20,0.855007970825733,0.0834,0.170864902243352
"440","L","UZ",1,"12,23 1228",20,1.31608239855259,0.0853,0.257147791823484
"441","L","UZ",1,"12,23 1228",20,0.666706813524587,0.0964,0.115267429724168
"442","L","UZ",1,"12,23 1228",20,1.95065157680569,0.0815,0.398906252925499
"443","L","UZ",1,"12,23 1228",19,1.14218882175226,0.0789,0.241273515368031
"444","L","UZ",1,"12,23 1228",19,0.791598441558437,0.1026,0.128589740344125
"445","L","UZ",1,"12,23 1228",19,1.14476134574087,0.1122,0.170047734067271
"446","L","UZ",1,"12,23 1228",19,0.818283145218412,0.1055,0.129270639055041
"447","L","UZ",1,"12,23 1228",19,1.21411624091867,0.107,0.189114679270821
"448","L","UZ",1,"12,23 1228",19,0.900358329466352,0.0919,0.163285877668907
"449","L","UZ",1,"12,23 1228",19,3.30436133760877,0.1025,0.537294526440451
"450","L","UZ",1,"12,23 1228",19,1.17105925423728,0.1007,0.193819803746653
"451","L","UZ",1,"12,23 1228",17,1.00608984532615,0.062,0.270454259496277
"452","L","UZ",1,"12,23 1228",17,1.35240320213474,0.101,0.223168845236756
"453","L","UZ",1,"12,23 1228",17,1.22144626240352,0.115,0.177021197449785
"454","L","UZ",1,"12,23 1228",17,1.8750250711004,0.1123,0.278276205268685
"455","L","UZ",1,"12,23 1228",17,0.681156116756751,0.0973,0.116676278992249
"456","L","UZ",1,"12,23 1228",17,2.34747757731956,0.0821,0.476548432261381
"457","L","UZ",1,"12,23 1228",17,1.04551401869158,0.0887,0.196451337597065
"458","L","UZ",1,"12,23 1228",17,1.52032770170633,0.0763,0.332094299193169
"459","L","UZ",1,"12,23 1228",17,1.30866541353382,0.1076,0.202705299494086
"460","L","UZ",1,"12,23 1228",17,0.945967854183915,0.0984,0.160224907551476
"461","L","UZ",1,"12,23 1228",17,1.21690366104482,0.0948,0.213942275148528
"462","L","UZ",1,"12,23 1228",21,1.10658992018243,0.0728,0.253340183191949
"463","L","UZ",1,"12,23 1228",21,0.669019520361987,0.0903,0.123480900768178
"464","L","UZ",1,"12,23 1228",21,1.97978218623481,0.082,0.402394753299757
"465","L","UZ",1,"12,23 1228",21,0.744340476933358,0.0835,0.148570953479712
"466","L","UZ",1,"12,23 1228",21,0.60983641751437,0.0942,0.107897455328091
"467","L","UZ",1,"12,23 1228",20,0.664774387351774,0.0777,0.142594248681204
"468","L","UZ",1,"12,23 1228",20,0.700165553618128,0.1005,0.116113690483935
"469","L","UZ",1,"12,23 1228",20,0.904454620212068,0.1108,0.136049130597483
"470","L","UZ",1,"12,23 1228",20,0.978646272824911,0.1053,0.154898112191344
"471","L","UZ",1,"12,23 1228",20,1.08394964856229,0.0913,0.197873247273145
"472","L","UZ",1,"12,23 1228",20,1.87538333333332,0.1001,0.312251637251635
"473","L","UZ",1,"12,23 1228",20,1.16918581264343,0.098,0.198841124599222
"474","L","UZ",1,"12,23 1228",18,1.03228341958186,0.0612,0.281122935615974
"475","L","UZ",1,"12,23 1228",18,1.16844310344826,0.0986,0.19750559557949
"476","L","UZ",1,"12,23 1228",18,0.931199511400641,0.1127,0.137710664211866
"477","L","UZ",1,"12,23 1228",18,1.50723542256367,0.1087,0.231100187452265
"478","L","UZ",1,"12,23 1228",18,0.731528803367399,0.0952,0.128068768096533
"479","L","UZ",1,"12,23 1228",18,1.44146637467647,0.0802,0.299556603216224
"480","L","UZ",1,"12,23 1228",18,1.40711080387121,0.0872,0.268943196458564
"481","L","UZ",1,"12,23 1228",18,2.26499741682972,0.0748,0.504678568812325
"482","L","UZ",1,"12,23 1228",18,1.21148485316845,0.1065,0.189590743844828
"483","L","UZ",1,"12,23 1228",18,0.988749444657207,0.0973,0.169364413267764
"484","L","UZ",1,"12,23 1228",25,2.18283466232709,0.0673,0.540573219991849
"485","L","UZ",1,"12,23 1228",25,0.69836849364791,0.0786,0.148084922317199
"486","L","UZ",1,"12,23 1228",25,0.388015719438875,0.0778,0.0831224763150976
"487","L","UZ",1,"12,23 1228",25,0.406468496420046,0.0877,0.0772460084416659
"488","L","UZ",1,"12,23 1228",24,0.496378053797465,0.1067,0.0775348412679577
"489","L","UZ",1,"12,23 1228",24,0.867049037328089,0.1001,0.144363809078936
"490","L","UZ",1,"12,23 1228",24,1.48888554146341,0.0877,0.282950501988485
"491","L","UZ",1,"12,23 1228",24,1.56628024786986,0.0962,0.271358324301777
"492","L","UZ",1,"12,23 1228",24,1.58693576782624,0.0943,0.280476452425988
"493","L","UZ",1,"12,23 1228",22,1.02190550581062,0.0583,0.292139938768045
"494","L","UZ",1,"12,23 1228",22,0.567154450954446,0.093,0.101640582608324
"495","L","UZ",1,"12,23 1228",22,1.01408047958036,0.1072,0.157661766103912
"496","L","UZ",1,"12,23 1228",22,1.12302598996095,0.102,0.183500978751789
"497","L","UZ",1,"12,23 1228",22,0.529985285318555,0.092,0.0960118270504629
"498","L","UZ",1,"12,23 1228",22,0.88881572662134,0.0767,0.193136837596988
"499","L","UZ",1,"12,23 1228",22,0.795509376140087,0.0834,0.15897469547164
"500","L","UZ",1,"12,23 1228",22,1.74941203770847,0.0711,0.410082521731943
"501","L","UZ",1,"12,23 1228",22,0.895451373182543,0.103,0.144895044204295
"502","L","UZ",1,"12,23 1228",22,1.78915635585664,0.094,0.3172263042299
"503","L","UZ",1,"12,23 1228",28,2.35334746185854,0.1062,0.369326343668949
"504","L","UZ",1,"12,23 1228",28,1.03710781035901,0.077,0.224482210034417
"505","L","UZ",1,"12,23 1228",28,2.07872093402119,0.0845,0.410004128998263
"506","L","UZ",1,"12,23 1228",28,0.358242710230319,0.0878,0.0680035516762184
"507","L","UZ",1,"12,23 1228",27,0.883995047923329,0.1065,0.138340383086593
"508","L","UZ",1,"12,23 1228",27,2.00675413474242,0.1038,0.322214857858449
"509","L","UZ",1,"12,23 1228",27,0.854185698615833,0.0856,0.166313414839531
"510","L","UZ",1,"12,23 1228",27,2.48437061562341,0.1011,0.409556646162777
"511","L","UZ",1,"12,23 1228",27,1.27519282970552,0.0983,0.216207668651326
"512","L","UZ",1,"12,23 1228",25,1.10756164383563,0.0593,0.311287702033623
"513","L","UZ",1,"12,23 1228",25,1.22778415245738,0.1021,0.200421833571235
"514","L","UZ",1,"12,23 1228",25,0.959194925373145,0.109,0.146665890729839
"515","L","UZ",1,"12,23 1228",25,1.26694063656552,0.1084,0.194794070812657
"516","L","UZ",1,"12,23 1228",25,1.61108285994126,0.094,0.285652989351287
"517","L","UZ",1,"12,23 1228",25,1.60434323144107,0.0842,0.317565960301083
"518","L","UZ",1,"12,23 1228",25,0.794040923743095,0.0853,0.155146722106896
"519","L","UZ",1,"12,23 1228",25,1.91028965846671,0.0761,0.418372680347506
"520","L","UZ",1,"12,23 1228",25,1.07137988668557,0.1038,0.172026314496719
"521","L","UZ",1,"12,23 1228",25,1.02792613077105,0.0965,0.17753473761158
"522","L","UZ",1,"12,23 1228",32,0.51801216923077,0.1057,0.0816796230259807
"523","L","UZ",1,"12,23 1228",32,2.02782447896931,0.0756,0.447051251977361
"524","L","UZ",1,"12,23 1228",32,0.938918791946313,0.0801,0.19536387680947
"525","L","UZ",1,"12,23 1228",32,0.216410198675497,0.0836,0.0431439790022921
"526","L","UZ",1,"12,23 1228",31,1.79276195335278,0.1017,0.293799074623529
"527","L","UZ",1,"12,23 1228",31,1.47018153072225,0.1,0.245030255120375
"528","L","UZ",1,"12,23 1228",31,0.840122811501604,0.0915,0.153027834517596
"529","L","UZ",1,"12,23 1228",31,0.830218757458764,0.0991,0.139626430786876
"530","L","UZ",1,"12,23 1228",31,0.519490102827764,0.0935,0.0926007313418475
"531","L","UZ",1,"12,23 1228",29,1.30487574949323,0.084,0.258903918550244
"532","L","UZ",1,"12,23 1228",29,0.56694915038233,0.1031,0.0916503637863449
"533","L","UZ",1,"12,23 1228",29,0.954408043179175,0.106,0.150064157732575
"534","L","UZ",1,"12,23 1228",29,0.996686527514236,0.1072,0.154957482511542
"535","L","UZ",1,"12,23 1228",29,0.449953516691163,0.0937,0.080034421325358
"536","L","UZ",1,"12,23 1228",29,1.29043701380176,0.081,0.265522019300774
"537","L","UZ",1,"12,23 1228",29,0.555622592053258,0.0886,0.104518922508137
"538","L","UZ",1,"12,23 1228",29,1.05645427594071,0.0799,0.220370103450295
"539","L","UZ",1,"12,23 1228",29,0.71648497217069,0.1035,0.115376001959853
"540","L","UZ",1,"12,23 1228",29,0.722208948500054,0.0959,0.125514242005571
"541","L","UZ",1,"12,23 1228",35,1.57099285286484,0.1074,0.243791566242217
"542","L","UZ",1,"12,23 1228",35,1.09642339413164,0.0782,0.233679325262498
"543","L","UZ",1,"12,23 1228",35,1.81766622047244,0.0814,0.372167530809263
"544","L","UZ",1,"12,23 1228",35,0.687203037282842,0.0833,0.137495605698848
"545","L","UZ",1,"12,23 1228",34,1.87563913803145,0.1025,0.30498197366365
"546","L","UZ",1,"12,23 1228",34,2.02362279792746,0.1008,0.334593716588535
"547","L","UZ",1,"12,23 1228",34,0.814166438356163,0.0893,0.151953422612199
"548","L","UZ",1,"12,23 1228",34,1.67328571428571,0.1017,0.274219225546658
"549","L","UZ",1,"12,23 1228",34,1.6351287804878,0.0948,0.287469898116702
"550","L","UZ",1,"12,23 1228",32,0.787842394942355,0.0577,0.227568571618242
"551","L","UZ",1,"12,23 1228",32,0.686103602438571,0.1024,0.111670508209403
"552","L","UZ",1,"12,23 1228",32,0.824745504688359,0.1074,0.127986577388013
"553","L","UZ",1,"12,23 1228",32,1.31313644655235,0.1068,0.204921418001303
"554","L","UZ",1,"12,23 1228",32,1.81887553461398,0.0933,0.324915243768128
"555","L","UZ",1,"12,23 1228",32,1.40184323159784,0.0804,0.290597684825423
"556","L","UZ",1,"12,23 1228",32,0.944851839999995,0.0847,0.185921259346713
"557","L","UZ",1,"12,23 1228",32,0.923059425145471,0.0766,0.200839735671338
"558","L","UZ",1,"12,23 1228",32,1.18777791798106,0.1026,0.192946380438769
"559","L","UZ",1,"12,23 1228",32,2.17881433791542,0.0937,0.38755146529979
"560","L","BE",2,"16,23 0208",1,4.25161266576454,0.0677,1.04667963214292
"561","L","BE",2,"16,23 0208",1,2.66065968474485,0.0361,1.22837473903271
"562","L","BE",2,"16,23 0208",1,4.93782123613311,0.0644,1.2779040466183
"563","L","BE",2,"16,23 0208",1,2.82317645220109,0.0529,0.889469581663859
"564","L","BE",2,"16,23 0208",1,4.07809001029865,0.065,1.04566410520478
"565","L","BE",2,"16,23 0208",1,5.76075293519692,0.0772,1.24368586683871
"566","L","BE",2,"16,23 0208",1,3.99021296620775,0.0515,1.29133105702516
"567","L","BE",2,"16,23 0208",1,6.14325770750985,0.0664,1.54198235630267
"568","L","BE",2,"16,23 0208",1,4.12233801994647,0.0499,1.37686640612775
"569","L","BE",2,"16,23 0208",1,4.2802488483685,0.067,1.06473851949465
"570","L","BE",2,"16,23 0208",1,4.34466855926187,0.069,1.04943685006325
"571","L","BE",2,"16,23 0208",1,4.91758234469871,0.0695,1.17927634165437
"572","L","BE",2,"16,23 0208",1,4.55968119815665,0.0592,1.28369403101257
"573","L","BE",2,"16,23 0208",1,4.57861621621618,0.0573,1.33176736946369
"574","L","BE",2,"16,23 0208",1,3.95237490477255,0.0535,1.23126944073911
"575","L","BE",2,"16,23 0208",1,3.66201141340409,0.0525,1.16254330584257
"576","L","BE",2,"16,23 0208",1,4.38120393184793,0.0596,1.22516888474495
"577","L","BE",2,"16,23 0208",1,4.57491709420129,0.052,1.46631958147477
"578","L","BE",2,"16,23 0208",1,4.71575933574617,0.073,1.07665738259045
"579","L","BE",2,"16,23 0208",1,3.97683429291864,0.0509,1.30217232904998
"580","L","BE",2,"16,23 0208",1,2.5211056126482,0.0399,1.05309340545038
"581","L","BE",2,"16,23 0208",1,5.05571018010958,0.0715,1.17848722147077
"582","L","BE",2,"16,23 0208",1,3.16494827986081,0.0485,1.08761109273567
"583","L","BE",2,"16,23 0208",1,3.18780755725188,0.0583,0.911322915166346
"584","L","BE",2,"16,23 0208",1,4.48080838368575,0.0546,1.3677681268882
"585","L","UZ",1,"12,23 1228",39,2.40327502021018,0.1056,0.379304769603879
"586","L","UZ",1,"12,23 1228",39,1.57659516086147,0.0734,0.357991635072995
"587","L","UZ",1,"12,23 1228",39,0.911442243774572,0.0788,0.192775432270426
"588","L","UZ",1,"12,23 1228",39,0.501388319502074,0.0811,0.103039112104824
"589","L","UZ",1,"12,23 1228",38,2.0714283513097,0.0995,0.346972923167454
"590","L","UZ",1,"12,23 1228",38,0.884098233502534,0.1001,0.147202503080675
"591","L","UZ",1,"12,23 1228",38,0.647797947169808,0.0877,0.123108693874916
"592","L","UZ",1,"12,23 1228",38,2.21215506739889,0.0976,0.377758720525767
"593","L","UZ",1,"12,23 1228",38,1.63079556322405,0.0923,0.294473738393653
"594","L","UZ",1,"12,23 1228",36,0.536497505470456,0.0552,0.161985961796635
"595","L","UZ",1,"12,23 1228",36,0.648584501204815,0.0991,0.109079129028728
"596","L","UZ",1,"12,23 1228",36,0.871470301291242,0.1045,0.138990478674839
"597","L","UZ",1,"12,23 1228",36,0.681800624999995,0.104,0.109262920673076
"598","L","UZ",1,"12,23 1228",36,1.37256028202114,0.0911,0.251108723384768
"599","L","UZ",1,"12,23 1228",36,0.733032903975813,0.0774,0.157845155894878
"600","L","UZ",1,"12,23 1228",36,0.944780974370807,0.0819,0.19226312054758
"601","L","UZ",1,"12,23 1228",36,1.07693843334859,0.0755,0.237734753498586
"602","L","UZ",1,"12,23 1228",36,1.42329541117672,0.1011,0.234634917767347
"603","L","UZ",1,"12,23 1228",36,0.924476756756747,0.0922,0.167114381192471
"604","L","BE",1,"12,23 0208",1,2.34675190720497,0.0341,1.1469950670601
"605","L","BE",1,"12,23 0208",1,1.52095317460316,0.0274,0.925153999150339
"606","L","BE",1,"12,23 0208",1,1.74523829508195,0.0326,0.89224861711756
"607","L","BE",1,"12,23 0208",1,1.6517171069727,0.0247,1.11451896556862
"608","L","BE",1,"12,23 0208",1,1.55088942287061,0.0269,0.960898031518346
"609","L","BE",1,"12,23 0208",1,1.50752446898894,0.0273,0.920344608662355
"610","L","BE",2,"16,23 0208",3,4.60214175615914,0.0892,0.859891957428837
"611","L","BE",2,"16,23 0208",3,3.40555504682618,0.0648,0.875914363895622
"612","L","BE",2,"16,23 0208",3,3.27161928600734,0.0799,0.682440401753721
"613","L","BE",2,"16,23 0208",3,2.79353275126899,0.0822,0.56640972247952
"614","L","BE",2,"16,23 0208",3,3.84599879638912,0.0936,0.684828845510882
"615","L","BE",2,"16,23 0208",3,5.11885928571421,0.1109,0.769290544892427
"616","L","BE",2,"16,23 0208",3,4.51686041136134,0.0849,0.886702083109804
"617","L","BE",2,"16,23 0208",3,3.17129520877425,0.0884,0.597906336495899
"618","L","BE",2,"16,23 0208",3,5.1969735719725,0.0862,1.0048286102035
"619","L","BE",2,"16,23 0208",3,4.88074359744641,0.0927,0.877515929062642
"620","L","BE",2,"16,23 0208",3,2.86298103001107,0.0827,0.576981263605617
"621","L","BE",2,"16,23 0208",3,4.36404239867956,0.0981,0.741427522711443
"622","L","BE",2,"16,23 0208",3,4.06634086956515,0.0862,0.7862221325532
"623","L","BE",2,"16,23 0208",3,4.78696440468909,0.0927,0.860655232774018
"624","L","BE",2,"16,23 0208",3,4.89897967325873,0.0939,0.86953845815739
"625","L","BE",2,"16,23 0208",3,4.35462160231325,0.0875,0.829451733773952
"626","L","BE",2,"16,23 0208",3,4.1658101900117,0.0774,0.897030618004243
"627","L","BE",2,"16,23 0208",3,4.8428049096035,0.0977,0.826135262641334
"628","L","BE",2,"16,23 0208",3,4.48729109690105,0.0907,0.824566537468036
"629","L","BE",2,"16,23 0208",3,4.82824143968864,0.1018,0.790478297264021
"630","L","BE",2,"16,23 0208",3,3.95534046437143,0.0848,0.777386097557277
"631","L","BE",2,"16,23 0208",3,3.72434030418245,0.0722,0.859727678712476
"632","L","BE",2,"16,23 0208",3,0.974408649326214,0.1029,0.157824530179173
"633","L","BE",2,"16,23 0208",3,3.11061314685309,0.077,0.673292888929241
"634","L","BE",2,"16,23 0208",3,4.71278214450061,0.0996,0.788618163403716
"635","L","BE",1,"12,23 0208",2,5.22869141370338,0.0544,1.60192751645324
"636","L","BE",1,"12,23 0208",2,3.44834612607609,0.0433,1.32730797770442
"637","L","BE",1,"12,23 0208",2,4.40056752605595,0.051,1.43809396276338
"638","L","BE",1,"12,23 0208",2,4.5398172077922,0.0435,1.73939356620391
"639","L","BE",1,"12,23 0208",2,3.93869783827061,0.0368,1.78383054269502
"640","L","BE",1,"12,23 0208",2,3.22824366123092,0.0497,1.08257668049327
"641","L","BE",1,"12,23 0208",1,1.6963415064935,0.0251,1.1263887825322
"642","L","BE",1,"12,23 0208",1,2.37825902313624,0.0387,1.02422869213447
"643","L","BE",1,"12,23 0208",1,1.7345344845099,0.0249,1.16100032430381
"644","L","BE",1,"12,23 0208",1,2.89320722347628,0.0343,1.40583441373969
"645","L","BE",1,"12,23 0208",1,1.32394306967517,0.0259,0.85195821729419
"646","L","BE",2,"16,23 0208",4,3.67375935198819,0.0818,0.748524725343968
"647","L","BE",2,"16,23 0208",4,2.88714589090907,0.0705,0.682540399742097
"648","L","BE",2,"16,23 0208",4,2.10750667623832,0.0722,0.486497386019926
"649","L","BE",2,"16,23 0208",4,2.69086396588484,0.0589,0.761421608909123
"650","L","BE",2,"16,23 0208",4,2.89018622950818,0.0921,0.523015966251932
"651","L","BE",2,"16,23 0208",4,5.17264871616928,0.1079,0.798988062429608
"652","L","BE",2,"16,23 0208",4,3.76212476060188,0.0798,0.78574034264868
"653","L","BE",2,"16,23 0208",4,2.95458382518583,0.096,0.512948580761428
"654","L","BE",2,"16,23 0208",4,5.70614470353092,0.0939,1.01280523669345
"655","L","BE",2,"16,23 0208",4,2.68343605695506,0.0834,0.536258204827151
"656","L","BE",2,"16,23 0208",4,3.07777854521905,0.0752,0.682131769773725
"657","L","BE",2,"16,23 0208",4,3.93791170825332,0.0891,0.73660899892505
"658","L","BE",2,"16,23 0208",4,2.96749274873521,0.0744,0.664760920415593
"659","L","BE",2,"16,23 0208",4,4.73480225140708,0.1043,0.75659991233734
"660","L","BE",2,"16,23 0208",4,5.42183565253184,0.1073,0.842161486879752
"661","L","BE",2,"16,23 0208",4,4.25839001218022,0.0927,0.765622080578967
"662","L","BE",2,"16,23 0208",4,2.6509106655974,0.0731,0.604402796533835
"663","L","BE",2,"16,23 0208",4,3.93827802655037,0.0964,0.68089177499142
"664","L","BE",2,"16,23 0208",4,3.41282679200936,0.0893,0.636959087721045
"665","L","BE",2,"16,23 0208",4,3.60776640186006,0.1047,0.574302197048719
"666","L","BE",2,"16,23 0208",4,3.63914302125211,0.0927,0.654286771170821
"667","L","BE",2,"16,23 0208",4,2.24865434576782,0.0769,0.48735464797742
"668","L","BE",2,"16,23 0208",4,2.42050516044282,0.0855,0.471833364608738
"669","L","BE",2,"16,23 0208",4,2.73764001487538,0.0695,0.656508396852608
"670","L","BE",2,"16,23 0208",4,4.69067927031503,0.1065,0.734065613507829
"671","L","BE",1,"12,23 0208",3,4.81212378752887,0.0775,1.03486533065137
"672","L","BE",1,"12,23 0208",3,1.89549742033384,0.0613,0.515360908192997
"673","L","BE",1,"12,23 0208",3,4.97562850712679,0.0785,1.05639671064263
"674","L","BE",1,"12,23 0208",3,3.7277791676927,0.0621,1.00047750072268
"675","L","BE",1,"12,23 0208",3,2.66886061194756,0.0552,0.805815402158079
"676","L","BE",1,"12,23 0208",3,2.91227133605182,0.0607,0.799635182880786
"677","L","BE",1,"12,23 0208",2,2.20427181430603,0.0422,0.870565487482634
"678","L","BE",1,"12,23 0208",2,2.79725305263159,0.0526,0.886328597158299
"679","L","BE",1,"12,23 0208",2,1.43028763837639,0.0302,0.789341963783881
"680","L","BE",1,"12,23 0208",2,1.25544526748972,0.0337,0.620892812804016
"681","L","BE",1,"12,23 0208",2,2.7154955102041,0.0428,1.05743594634116
"682","L","BE",1,"12,23 0208",1,1.73880646754998,0.0343,0.844901101822148
"683","L","BE",1,"12,23 0208",1,1.36766347651904,0.0362,0.629679316997718
"684","L","BE",1,"12,23 0208",1,1.23056727754472,0.0285,0.719629986868258
"685","L","BE",1,"12,23 0208",1,2.72002066549915,0.0513,0.883697422189457
"686","L","BE",1,"12,23 0208",1,2.10644980477225,0.037,0.948851263410925
"687","L","BE",1,"12,23 0208",1,1.75411025585897,0.0312,0.937024709326374
"688","L","BE",1,"12,23 0208",1,1.3673957881302,0.0279,0.816843362084946
"689","L","BE",1,"12,23 0208",1,1.4585181818182,0.0291,0.835348328647307
"690","L","BE",1,"12,23 0208",1,2.74224792145397,0.0342,1.33637812936353
"691","L","BE",1,"12,23 0208",1,2.70168585003102,0.0452,0.99619684735657
"692","L","BE",1,"12,23 0208",1,2.11917695607765,0.0449,0.786628417252285
"693","L","BE",1,"12,23 0208",1,2.28620262255399,0.0372,1.02428432910125
"694","L","BE",1,"12,23 0208",1,1.95612714914037,0.0387,0.842432019440297
"695","L","BE",1,"12,23 0208",1,1.47385743203019,0.0294,0.835520086184913
"696","L","BE",2,"16,23 0208",5,3.07673603461846,0.0748,0.685547244790208
"697","L","BE",2,"16,23 0208",5,2.04483160358957,0.0647,0.52674693549448
"698","L","BE",2,"16,23 0208",5,2.41718757340409,0.0662,0.608556790887233
"699","L","BE",2,"16,23 0208",5,3.5893330581614,0.0658,0.909152243708562
"700","L","BE",2,"16,23 0208",5,1.95561281669153,0.0802,0.406403328489512
"701","L","BE",2,"16,23 0208",5,3.07576289994456,0.0995,0.515203165819859
"702","L","BE",2,"16,23 0208",5,1.8876823637365,0.072,0.436963510124189
"703","L","BE",2,"16,23 0208",5,2.36456000000004,0.0852,0.462550860719883
"704","L","BE",2,"16,23 0208",5,3.44396138130543,0.0894,0.642050965940609
"705","L","BE",2,"16,23 0208",5,2.68893861599144,0.075,0.597541914664764
"706","L","BE",2,"16,23 0208",5,2.14073788687304,0.0689,0.517836934415345
"707","L","BE",2,"16,23 0208",5,2.34699562764461,0.0805,0.485920419802197
"708","L","BE",2,"16,23 0208",5,2.09704379485388,0.069,0.506532317597556
"709","L","BE",2,"16,23 0208",5,2.47496653344922,0.0925,0.445939915936796
"710","L","BE",2,"16,23 0208",5,3.59170577319594,0.1034,0.578933877046412
"711","L","BE",2,"16,23 0208",5,2.74788159509208,0.089,0.514584568369302
"712","L","BE",2,"16,23 0208",5,1.95514636455871,0.066,0.493723829434018
"713","L","BE",2,"16,23 0208",5,2.24220493868642,0.0817,0.457406148242843
"714","L","BE",2,"16,23 0208",5,2.75930213475656,0.0834,0.551419291518097
"715","L","BE",2,"16,23 0208",5,2.42085576158945,0.0892,0.452327309714023
"716","L","BE",2,"16,23 0208",5,3.00406272189355,0.0852,0.587649202248347
"717","L","BE",2,"16,23 0208",5,1.9321298091043,0.0699,0.460689034121196
"718","L","BE",2,"16,23 0208",5,1.85265415653869,0.0806,0.383096392998074
"719","L","BE",2,"16,23 0208",5,1.99615770840043,0.0626,0.531458388818006
"720","L","BE",2,"16,23 0208",5,2.46365199872087,0.099,0.414756228740887
"721","L","UZ",1,"12,23 1228",42,0.801793931265715,0.1028,0.129992531009357
"722","L","UZ",1,"12,23 1228",42,0.510062663706992,0.075,0.113347258601554
"723","L","UZ",1,"12,23 1228",42,0.537378390297684,0.0768,0.116618574283351
"724","L","UZ",1,"12,23 1228",42,0.565307674609694,0.0845,0.111500527536429
"725","L","UZ",1,"12,23 1228",41,0.506581829069133,0.0985,0.0857160455277721
"726","L","UZ",1,"12,23 1228",41,0.80490238442822,0.0948,0.141508858021839
"727","L","UZ",1,"12,23 1228",41,0.687543478260866,0.0891,0.128608955903641
"728","L","UZ",1,"12,23 1228",41,0.717704904051169,0.0978,0.122308265857391
"729","L","UZ",1,"12,23 1228",41,0.800627234718174,0.0891,0.149761921945038
"730","L","UZ",1,"12,23 1228",39,0.584675754072514,0.0574,0.169766479115132
"731","L","UZ",1,"12,23 1228",39,0.868663456919054,0.0961,0.15065269804354
"732","L","UZ",1,"12,23 1228",39,0.742771843401602,0.1014,0.122086101808284
"733","L","UZ",1,"12,23 1228",39,0.859489755343799,0.1047,0.136817853445368
"734","L","UZ",1,"12,23 1228",39,0.796572395806693,0.0895,0.148337503874617
"735","L","UZ",1,"12,23 1228",39,0.978658811579472,0.0758,0.215184435263736
"736","L","UZ",1,"12,23 1228",39,0.797198810184011,0.0783,0.169688976199236
"737","L","UZ",1,"12,23 1228",39,0.482413523666412,0.0739,0.108798719816511
"738","L","UZ",1,"12,23 1228",39,0.916938779527549,0.0983,0.155466052819184
"739","L","UZ",1,"12,23 1228",39,0.817597126099699,0.0909,0.149907797231335
"740","L","BE",1,"12,23 0208",4,3.84591904877452,0.0871,0.735920215992064
"741","L","BE",1,"12,23 0208",4,1.81962834494353,0.0431,0.703645918384969
"742","L","BE",1,"12,23 0208",4,4.18679914326506,0.0928,0.751939501304787
"743","L","BE",1,"12,23 0208",4,3.09577537084997,0.0681,0.757654275783155
"744","L","BE",1,"12,23 0208",4,2.920758041958,0.0717,0.678930274746165
"745","L","BE",1,"12,23 0208",4,2.3821290560812,0.0492,0.806954287290381
"746","L","BE",1,"12,23 0208",3,3.58704625943715,0.0644,0.92832460130361
"747","L","BE",1,"12,23 0208",3,2.90383226098773,0.0557,0.868890562832953
"748","L","BE",1,"12,23 0208",3,2.71995070707067,0.0461,0.983351665607617
"749","L","BE",1,"12,23 0208",3,3.0165758007117,0.0651,0.772292831723425
"750","L","BE",1,"12,23 0208",3,2.45579894226528,0.0503,0.81371734336159
"751","L","BE",1,"12,23 0208",2,2.20539995630322,0.044,0.835378771326978
"752","L","BE",1,"12,23 0208",2,2.51192944745391,0.0555,0.754333167403577
"753","L","BE",1,"12,23 0208",2,2.05883419978514,0.0402,0.853579684819711
"754","L","BE",1,"12,23 0208",2,3.10931999999995,0.0679,0.763210603829148
"755","L","BE",1,"12,23 0208",2,2.57544692597236,0.0457,0.939258543388897
"756","L","BE",1,"12,23 0208",2,2.75425495961892,0.0494,0.929235816335669
"757","L","BE",1,"12,23 0208",2,1.96981873851803,0.039,0.84180287970856
"758","L","BE",1,"12,23 0208",2,2.13961726094,0.0379,0.940904688188213
"759","L","BE",1,"12,23 0208",2,2.41635675241153,0.0469,0.858691098938
"760","L","BE",1,"12,23 0208",2,2.72701291866024,0.0613,0.741439075220293
"761","L","BE",1,"12,23 0208",2,3.08355697053583,0.0623,0.824921607955012
"762","L","BE",1,"12,23 0208",2,3.07675341176464,0.0541,0.947859954332916
"763","L","BE",1,"12,23 0208",2,2.65392657981718,0.0548,0.807155285832474
"764","L","BE",1,"12,23 0208",2,2.21856490551481,0.0433,0.853951079874829
"765","L","BE",2,"16,23 0208",6,2.27370034443165,0.0686,0.552405331494569
"766","L","BE",2,"16,23 0208",6,1.80644268084295,0.059,0.510294542611003
"767","L","BE",2,"16,23 0208",6,1.86527299270069,0.0613,0.507143282409106
"768","L","BE",2,"16,23 0208",6,1.37127625418057,0.0764,0.299144034507106
"769","L","BE",2,"16,23 0208",6,2.63400066445177,0.0907,0.48401335252697
"770","L","BE",2,"16,23 0208",6,2.22846989010984,0.0667,0.55683905300096
"771","L","BE",2,"16,23 0208",6,2.17961090512536,0.0755,0.481150310182199
"772","L","BE",2,"16,23 0208",6,2.4563684267435,0.0817,0.501095150294472
"773","L","BE",2,"16,23 0208",6,2.07704997317112,0.0697,0.496664269050962
"774","L","BE",2,"16,23 0208",6,1.68978957446805,0.0622,0.452783915988223
"775","L","BE",2,"16,23 0208",6,2.45715176905469,0.0722,0.56720954964328
"776","L","BE",2,"16,23 0208",6,2.09087560209419,0.0642,0.542802596597662
"777","L","BE",2,"16,23 0208",6,2.38248520302816,0.0814,0.487814333134349
"778","L","BE",2,"16,23 0208",6,3.01173160320976,0.0963,0.521241191278949
"779","L","BE",2,"16,23 0208",6,2.40513338945945,0.0783,0.511948358761058
"780","L","BE",2,"16,23 0208",6,1.98652606495834,0.0603,0.549067458529114
"781","L","BE",2,"16,23 0208",6,2.23857353227371,0.0715,0.521812012185014
"782","L","BE",2,"16,23 0208",6,2.14053715574162,0.0758,0.470654607682853
"783","L","BE",2,"16,23 0208",6,2.4251372059529,0.0766,0.527662577448411
"784","L","BE",2,"16,23 0208",6,2.07722517482513,0.0762,0.454336214966126
"785","L","BE",2,"16,23 0208",6,1.8004456655613,0.0632,0.474801072141694
"786","L","BE",2,"16,23 0208",6,1.87116523376212,0.0751,0.415260815304509
"787","L","BE",2,"16,23 0208",6,1.87753638914869,0.0575,0.544213446130056
"788","L","BE",2,"16,23 0208",6,2.37013089556858,0.0901,0.438425988821417
"789","L","BE",1,"12,23 0208",6,2.57506605922551,0.0957,0.448461521982848
"790","L","BE",1,"12,23 0208",6,2.61558546001504,0.0694,0.628142521617445
"791","L","BE",1,"12,23 0208",6,4.50819677179041,0.1228,0.611861668266885
"792","L","BE",1,"12,23 0208",6,3.08020137524557,0.0903,0.568512620015794
"793","L","BE",1,"12,23 0208",6,1.91114048140043,0.0746,0.426975085210106
"794","L","BE",1,"12,23 0208",6,2.38465228255646,0.0533,0.745669881975127
"795","L","BE",1,"12,23 0208",5,3.88709978586722,0.094,0.68920208969277
"796","L","BE",1,"12,23 0208",5,3.53478634330114,0.0771,0.764112914678154
"797","L","BE",1,"12,23 0208",5,3.5284730661696,0.0656,0.896461652990245
"798","L","BE",1,"12,23 0208",5,3.62790601798477,0.0912,0.662994520830549
"799","L","BE",1,"12,23 0208",5,3.24878094804009,0.0842,0.643068279501206
"800","L","BE",1,"12,23 0208",4,2.6464315151515,0.0542,0.813785828767373
"801","L","BE",1,"12,23 0208",4,3.21417735346357,0.081,0.6613533649102
"802","L","BE",1,"12,23 0208",4,2.83056311277202,0.0679,0.694787214720673
"803","L","BE",1,"12,23 0208",4,3.1094279373368,0.1005,0.515659691100629
"804","L","BE",1,"12,23 0208",4,2.48077800776195,0.053,0.780118870365392
"805","L","BE",1,"12,23 0208",4,3.35061076923074,0.0771,0.724299777179148
"806","L","BE",1,"12,23 0208",4,2.77902628571426,0.066,0.701774314574308
"807","L","BE",1,"12,23 0208",4,2.46726241610736,0.0631,0.651680511385991
"808","L","BE",1,"12,23 0208",4,2.95394968814966,0.0768,0.641048109407479
"809","L","BE",1,"12,23 0208",4,3.5408187886279,0.0949,0.621850858557763
"810","L","BE",1,"12,23 0208",4,3.68852974296202,0.0944,0.651223471568153
"811","L","BE",1,"12,23 0208",4,3.72448799999996,0.0881,0.704594778660606
"812","L","BE",1,"12,23 0208",4,3.04998061041289,0.0856,0.593843576793788
"813","L","BE",1,"12,23 0208",4,2.89068618850027,0.0727,0.662697429734129
"814","L","BE",2,"16,23 0208",8,1.44462796709752,0.0557,0.432264502422956
"815","L","BE",2,"16,23 0208",8,1.57135381026437,0.0706,0.37095226871208
"816","L","BE",1,"12,23 0208",8,1.4838086597938,0.0813,0.3041838170959
"817","L","BE",1,"12,23 0208",8,2.75641400491398,0.0791,0.58078676883986
"818","L","BE",1,"12,23 0208",8,2.53272316751266,0.1124,0.375552071102115
"819","L","BE",1,"12,23 0208",8,1.70173797825209,0.0861,0.329411145615969
"820","L","BE",1,"12,23 0208",8,1.47993857827474,0.0704,0.35036424675065
"821","L","BE",1,"12,23 0208",8,3.46550648423554,0.0935,0.617737341218456
"822","L","BE",1,"12,23 0208",7,2.43392110019643,0.1028,0.394604588228994
"823","L","BE",1,"12,23 0208",7,3.3432906895208,0.0897,0.621198567358008
"824","L","BE",1,"12,23 0208",7,4.29039614346312,0.1073,0.666417543253047
"825","L","BE",1,"12,23 0208",7,2.12752577319585,0.0919,0.385840727819341
"826","L","BE",1,"12,23 0208",7,2.80606332134062,0.0937,0.499121899918288
"827","L","BE",1,"12,23 0208",6,3.02131858805854,0.0917,0.549130968385775
"828","L","BE",1,"12,23 0208",6,3.51752252788099,0.1093,0.536371230234979
"829","L","BE",1,"12,23 0208",6,2.78563315566987,0.0752,0.617383234855911
"830","L","BE",1,"12,23 0208",6,3.335514181553,0.104,0.534537529095032
"831","L","BE",1,"12,23 0208",6,2.93968585365849,0.0911,0.537812999205725
"832","L","BE",1,"12,23 0208",6,4.49242135407453,0.1082,0.691993431003471
"833","L","BE",1,"12,23 0208",6,3.09078598949207,0.094,0.548011700264552
"834","L","BE",1,"12,23 0208",6,3.77601401804297,0.0968,0.650140154621723
"835","L","BE",1,"12,23 0208",6,2.24142176379574,0.0822,0.454465077817465
"836","L","BE",1,"12,23 0208",6,3.50987162600234,0.1108,0.52795902918206
"837","L","BE",1,"12,23 0208",6,2.52971287430211,0.101,0.417444368696717
"838","L","BE",1,"12,23 0208",6,3.15269562007043,0.1086,0.483839106824805
"839","L","BE",1,"12,23 0208",6,3.89723249001325,0.1068,0.608182348628785
"840","L","BE",1,"12,23 0208",6,2.95965311778286,0.0861,0.572910011185223
"841","L","BE",1,"12,23 0208",9,1.16820846394984,0.078,0.249617193151676
"842","L","BE",1,"12,23 0208",9,1.98730264385692,0.0812,0.407902841514146
"843","L","BE",1,"12,23 0208",9,1.93699974312869,0.104,0.310416625501392
"844","L","BE",1,"12,23 0208",9,1.42873557251908,0.0801,0.297281642222031
"845","L","BE",1,"12,23 0208",9,1.84172074709742,0.0672,0.456775978942813
"846","L","BE",1,"12,23 0208",9,2.31470815407703,0.087,0.443430680857669
"847","L","BE",1,"12,23 0208",8,1.74607754394652,0.0928,0.313591512921429
"848","L","BE",1,"12,23 0208",8,1.84550191458026,0.0781,0.393833101703
"849","L","BE",1,"12,23 0208",8,2.07208379562043,0.0966,0.357502380196761
"850","L","BE",1,"12,23 0208",8,1.53478002894355,0.0804,0.318155064043025
"851","L","BE",1,"12,23 0208",8,1.9607641662685,0.0873,0.374334510551452
"852","L","BE",1,"12,23 0208",7,2.3475766153846,0.08,0.489078461538459
"853","L","BE",1,"12,23 0208",7,3.44885815968155,0.1208,0.475835838808161
"854","L","BE",1,"12,23 0208",7,1.6979257817929,0.07,0.404268043284024
"855","L","BE",1,"12,23 0208",7,1.96828308115542,0.0969,0.338541981622879
"856","L","BE",1,"12,23 0208",7,2.4563673024523,0.0907,0.451372161420856
"857","L","BE",1,"12,23 0208",7,3.40897565804272,0.1049,0.541623078811998
"858","L","BE",1,"12,23 0208",7,2.95358851802401,0.0927,0.531029938515643
"859","L","BE",1,"12,23 0208",7,2.42855920617418,0.0912,0.443815644403176
"860","L","BE",1,"12,23 0208",7,1.73065631832093,0.0777,0.371226151505991
"861","L","BE",1,"12,23 0208",7,2.58229670424976,0.1042,0.413035301383518
"862","L","BE",1,"12,23 0208",7,2.05905372112915,0.0921,0.372611965459491
"863","L","BE",1,"12,23 0208",7,3.10237620660454,0.1073,0.481885089562681
"864","L","BE",1,"12,23 0208",7,2.97484371859293,0.0876,0.565990053004743
"865","L","BE",1,"12,23 0208",7,2.18658398340247,0.0778,0.468419876478677
"866","L","BE",1,"12,23 0208",11,0.98137728987993,0.0752,0.217503831976935
"867","L","BE",1,"12,23 0208",11,0.924814943705219,0.072,0.214077533265097
"868","L","BE",1,"12,23 0208",11,1.02582266288952,0.0988,0.173047007909838
"869","L","BE",1,"12,23 0208",11,1.05479774506734,0.0762,0.230708168212453
"870","L","BE",1,"12,23 0208",11,1.34328624396323,0.069,0.324465276319622
"871","L","BE",1,"12,23 0208",11,1.20881072203285,0.0752,0.267910177755507
"872","L","BE",1,"12,23 0208",10,1.29480832177531,0.0908,0.237666725729683
"873","L","BE",1,"12,23 0208",10,1.23278093194359,0.0894,0.229824931383966
"874","L","BE",1,"12,23 0208",10,1.10775386491843,0.0745,0.247819656581305
"875","L","BE",1,"12,23 0208",10,0.887266494767178,0.0778,0.190074227670775
"876","L","BE",1,"12,23 0208",9,1.00159335849057,0.0721,0.231528746761573
"877","L","BE",1,"12,23 0208",9,1.67452678973435,0.1074,0.259858285185344
"878","L","BE",1,"12,23 0208",9,1.06827112371288,0.0671,0.265343051096095
"879","L","BE",1,"12,23 0208",9,0.991722761692651,0.0916,0.180444461734471
"880","L","BE",1,"12,23 0208",9,1.5107019179699,0.0832,0.302624582926663
"881","L","BE",1,"12,23 0208",9,1.52963920879121,0.0916,0.278318633331734
"882","L","BE",1,"12,23 0208",9,1.12771652579423,0.082,0.229210675974437
"883","L","BE",1,"12,23 0208",9,1.13189395564575,0.0826,0.228388610905115
"884","L","BE",1,"12,23 0208",9,1.00509073086349,0.0692,0.242073875448816
"885","L","BE",1,"12,23 0208",9,0.993833974175037,0.0914,0.181224284131115
"886","L","BE",1,"12,23 0208",9,1.03156190748144,0.0872,0.197163973142477
"887","L","BE",1,"12,23 0208",9,1.53247071854587,0.0967,0.264128010780053
"888","L","BE",1,"12,23 0208",9,1.47432783012235,0.0894,0.274856045884106
"889","L","BE",1,"12,23 0208",9,1.52938010910617,0.087,0.292984695231067
"890","L","BE",1,"12,23 0208",15,0.633645595082884,0.07,0.150867998829258
"891","L","BE",1,"12,23 0208",15,0.752228320847798,0.0672,0.186564563702331
"892","L","BE",1,"12,23 0208",15,0.889943798943726,0.0894,0.16591047705886
"893","L","BE",1,"12,23 0208",15,1.42221618287373,0.0733,0.323377940626132
"894","L","BE",1,"12,23 0208",15,1.04221496475691,0.064,0.271410147072113
"895","L","BE",1,"12,23 0208",15,0.758899450697884,0.0677,0.186829012973383
"896","L","BE",1,"12,23 0208",14,0.842606462035541,0.0833,0.168588727898268
"897","L","BE",1,"12,23 0208",14,1.00673473477055,0.0799,0.209998901704329
"898","L","BE",1,"12,23 0208",14,1.04883508334076,0.0704,0.248303760260597
"899","L","BE",1,"12,23 0208",14,1.18967690941385,0.0712,0.278482422615602
"900","L","BE",1,"12,23 0208",13,0.651842399575297,0.0694,0.156542363010398
"901","L","BE",1,"12,23 0208",13,0.884009309706427,0.0966,0.152520584835477
"902","L","BE",1,"12,23 0208",13,0.53190332103321,0.0625,0.141840885608856
"903","L","BE",1,"12,23 0208",13,1.47806836019622,0.0769,0.320344247983575
"904","L","BE",1,"12,23 0208",13,1.10744367856208,0.0833,0.22157736665908
"905","L","BE",1,"12,23 0208",13,0.741086697965572,0.0747,0.165347322169918
"906","L","BE",1,"12,23 0208",13,1.02802683307332,0.0755,0.226937490744663
"907","L","BE",1,"12,23 0208",13,0.978673238950276,0.061,0.26739705982248
"908","L","BE",1,"12,23 0208",13,0.828302554838709,0.0834,0.165528088496944
"909","L","BE",1,"12,23 0208",13,0.951846420303525,0.0805,0.197069652236755
"910","L","BE",1,"12,23 0208",13,1.21557488038277,0.081,0.250118288144604
"911","L","BE",1,"12,23 0208",13,0.762103481740019,0.0744,0.170722106124556
"912","L","BE",1,"12,23 0208",18,1.00025940490691,0.066,0.252590758814876
"913","L","BE",1,"12,23 0208",18,0.79614383111265,0.0676,0.196287926802921
"914","L","BE",1,"12,23 0208",18,1.43361804097091,0.0871,0.274324156328149
"915","L","BE",1,"12,23 0208",18,1.21276908344733,0.0582,0.347299279337724
"916","L","BE",1,"12,23 0208",18,1.17429576746558,0.0608,0.321901252046485
"917","L","BE",1,"12,23 0208",17,1.05735874303092,0.0766,0.230060649049373
"918","L","BE",1,"12,23 0208",17,1.47396937027708,0.0808,0.304036586278275
"919","L","BE",1,"12,23 0208",16,0.687392261507671,0.0692,0.165556903060614
"920","L","BE",1,"12,23 0208",16,0.865496515101229,0.0902,0.159921750757803
"921","L","BE",1,"12,23 0208",16,0.918163987456675,0.0662,0.231159110638639
"922","L","BE",1,"12,23 0208",16,0.934381152520112,0.0823,0.189222590627807
"923","L","BE",1,"12,23 0208",16,0.718150636630754,0.0725,0.165092100374886
"924","L","BE",1,"12,23 0208",16,1.04487648109073,0.0732,0.237904481122662
"925","L","BE",1,"12,23 0208",16,1.01532844688408,0.0752,0.225028467837784
"926","L","BE",1,"12,23 0208",16,1.0951843639859,0.0732,0.24935891711883
"927","L","BE",1,"12,23 0208",16,0.843955392703521,0.0762,0.184592168132879
"928","L","BE",1,"12,23 0208",22,0.659756794657758,0.0702,0.156637415635745
"929","L","BE",1,"12,23 0208",22,0.604304768233921,0.0622,0.161925179055177
"930","L","BE",1,"12,23 0208",22,1.34269406513472,0.059,0.379292108795119
"931","L","BE",1,"12,23 0208",22,0.624037407711233,0.0602,0.172767831592257
"932","L","BE",1,"12,23 0208",21,1.04209322033897,0.0747,0.232506296371926
"933","L","BE",1,"12,23 0208",20,1.53551929995137,0.0683,0.374699682760217
"934","L","BE",1,"12,23 0208",20,1.26190670103092,0.0815,0.258058630067672
"935","L","BE",1,"12,23 0208",20,0.587568092263329,0.0638,0.153492187111633
"936","L","BE",1,"12,23 0208",20,0.935472428639761,0.0759,0.205417748932754
"937","L","BE",1,"12,23 0208",20,0.65651256536206,0.0666,0.164292433774289
"938","L","BE",1,"12,23 0208",20,0.914811104100937,0.0698,0.218436271275295
"939","L","BE",1,"12,23 0208",20,0.917974011299425,0.0798,0.191723895425945
"940","L","BE",1,"12,23 0208",20,1.17776214865708,0.0757,0.259304744310232
"941","L","BE",1,"12,23 0208",20,0.558160931966442,0.0714,0.130289666658833
"942","L","BE",1,"12,23 0208",25,0.984512329969274,0.0691,0.237460764584967
"943","L","BE",1,"12,23 0208",25,0.997321648136027,0.0625,0.26595243950294
"944","L","BE",1,"12,23 0208",25,0.890523976608177,0.0624,0.237853626230816
"945","L","BE",1,"12,23 0208",24,1.85236244091102,0.0768,0.401988376933816
"946","L","BE",1,"12,23 0208",23,0.47871525351512,0.0676,0.118026443174339
"947","L","BE",1,"12,23 0208",23,1.30300631222197,0.0804,0.270109102865251
"948","L","BE",1,"12,23 0208",23,0.893434271314564,0.0629,0.236734041153833
"949","L","BE",1,"12,23 0208",23,1.15422595993321,0.0749,0.256837107239254
"950","L","BE",1,"12,23 0208",23,0.785466141732276,0.0613,0.213557950443794
"951","L","BE",1,"12,23 0208",23,0.622356227347605,0.069,0.150327591146764
"952","L","BE",1,"12,23 0208",23,0.939811504605929,0.0813,0.192663285077066
"953","L","BE",1,"12,23 0208",23,1.13147868185516,0.0745,0.253127221891534
"954","L","BE",1,"12,23 0208",23,0.841526919967657,0.0708,0.198099557431181
"955","L","BE",1,"12,23 0208",29,0.754327169577162,0.0679,0.185156399012558
"956","L","BE",1,"12,23 0208",29,0.868170883054889,0.0575,0.251643734218808
"957","L","BE",1,"12,23 0208",29,0.632632977879613,0.0621,0.169788775598393
"958","L","BE",1,"12,23 0208",27,0.397949024433115,0.0808,0.0820851948088108
"959","L","BE",1,"12,23 0208",27,0.982343884261284,0.0653,0.250725851011048
"960","L","BE",1,"12,23 0208",27,0.504511948256269,0.0739,0.113782577414585
"961","L","BE",1,"12,23 0208",27,0.600426957279858,0.0624,0.160370447991415
"962","L","BE",1,"12,23 0208",27,0.377273176245542,0.0689,0.0912610489224823
"963","L","BE",1,"12,23 0208",27,0.46093801717408,0.0762,0.100817589058198
"964","L","BE",1,"12,23 0208",27,0.654885073981133,0.0733,0.148905200996165
"965","L","BE",1,"12,23 0208",27,1.3141031322806,0.0721,0.30376863899228
"966","L","BE",1,"12,23 0208",32,1.04400079787233,0.0636,0.273585114746418
"967","L","BE",1,"12,23 0208",32,0.820115833516838,0.0581,0.235259848972128
"968","L","BE",1,"12,23 0208",30,0.516011544502612,0.0637,0.135010869833232
"969","L","BE",1,"12,23 0208",30,2.00428515624998,0.0752,0.444212135693701
"970","L","BE",1,"12,23 0208",30,0.689843557814478,0.0626,0.183664419013439
"971","L","BE",1,"12,23 0208",30,0.96320117869921,0.0702,0.228680241856413
"972","L","BE",1,"12,23 0208",30,1.23139557041369,0.0587,0.349629633848294
"973","L","BE",1,"12,23 0208",30,1.24045212699729,0.0652,0.317088989518734
"974","L","BE",1,"12,23 0208",30,1.04142008661578,0.0761,0.22808149071743
"975","L","BE",1,"12,23 0208",30,0.779099877099539,0.073,0.177876684269301
"976","L","BE",1,"12,23 0208",36,1.06211917808218,0.0598,0.296019837815545
"977","L","BE",1,"12,23 0208",36,0.992599399773485,0.0557,0.297007600171599
"978","L","BE",1,"12,23 0208",34,0.447722292134826,0.063,0.118445050829319
"979","L","BE",1,"12,23 0208",34,0.89905572783044,0.0611,0.24524160606395
"980","L","BE",1,"12,23 0208",34,0.811428239202646,0.0575,0.235196591073231
"981","L","BE",1,"12,23 0208",34,1.64183551401867,0.066,0.414604927782492
"982","L","BE",1,"12,23 0208",34,0.0903813535830922,0.071,0.0212162801838245
"983","L","BE",1,"12,23 0208",39,1.02568496824276,0.0585,0.292217939670301
"984","L","BE",1,"12,23 0208",39,0.937368504672889,0.0531,0.294214847668829
"985","L","BE",1,"12,23 0208",37,0.416028604597163,0.0631,0.109886055096979
"986","L","BE",1,"12,23 0208",37,0.687157754677747,0.0591,0.193783912768682
"987","L","BE",1,"12,23 0208",37,0.643413039283245,0.0547,0.196042973578076
"988","L","BE",1,"12,23 0208",37,1.06880621146379,0.0639,0.278770529854927
"989","L","BE",1,"12,23 0208",37,0.0411537361740702,0.0724,0.00947369617266809
"990","L","BE",1,"12,23 0208",43,1.59482735452908,0.0567,0.468791109502963
"991","L","BE",1,"12,23 0208",43,1.0435023634558,0.0539,0.322666160623315
"992","L","BE",1,"12,23 0208",41,0.457985305961306,0.0613,0.124520202817103
"993","L","BE",1,"12,23 0208",41,1.18214531894013,0.06,0.328373699705591
"994","L","BE",1,"12,23 0208",41,0.575594859594378,0.0561,0.171002632083891
"995","L","BE",1,"12,23 0208",41,0.777546340531236,0.0642,0.201855228590664
"996","L","BE",1,"12,23 0208",41,0.0939922980421963,0.069,0.0227034536333808
